,mean,median,mode,actual
1,9.370307259999999,4.754775,1.02926,1.0
2,8.035806599999999,4.468585,7.562433535353535,7.0
3,11.93939872,4.81382,1.00631,107.0
4,13.838428879999999,4.636075,1.0247,100.0
5,13.21392904,4.60843,1.05886,109.0
6,7.51259598,4.56162,3.94156797979798,150.0
7,11.191186600000002,4.70919,1.04243,52.0
8,8.00957798,4.774274999999999,4.28709797979798,99.0
9,8.979345649999999,4.621090000000001,8.711052525252525,69.0
10,11.492377390000001,4.62709,1.0115,53.0
