,mean,median,mode,actual
1,13.091213950000002,4.702685000000001,1.05278,1.0
2,11.958430289999999,4.67505,1.0293,7.0
3,9.50234986,4.60001,6.494023636363636,107.0
4,8.30026448,4.368805,1.03947,100.0
5,8.553907299999999,4.51394,6.490229898989899,109.0
6,8.906525030000001,4.6294699999999995,5.219055353535353,150.0
7,15.710891509999998,4.36678,1.01738,52.0
8,9.58303658,4.711415,1.02632,99.0
9,9.927111729999998,4.74206,1.00722,69.0
10,9.65916506,4.239495,1.02968,53.0
