,mean,median,mode,actual
1,8.577905130000001,4.696275,1.04282,1.0
2,11.3813599,4.564145,1.02897,7.0
3,9.18702691,4.67762,7.2256511111111115,107.0
4,9.756014890000001,4.54899,1.03211,100.0
5,8.875036329999999,4.733765,3.5672121212121213,109.0
6,10.39660428,4.754519999999999,1.04842,150.0
7,9.18128235,4.81408,3.6767759595959593,52.0
8,8.376622070000002,4.31338,4.592646060606061,99.0
9,8.86617334,4.829575,1.05763,69.0
10,11.56573926,4.90454,1.04082,53.0
