,mean,median,mode,actual
1,15.49545732,4.709455,1.02333,1.0
2,9.211908639999999,4.170204999999999,1.09063,7.0
3,9.321321840000001,4.500335,1.01269,107.0
4,12.994324509999998,4.59514,1.05495,100.0
5,16.155748270000004,4.386665,1.03307,109.0
6,30.93996142,4.330715,1.01371,150.0
7,12.481030290000001,4.65497,1.02366,52.0
8,9.86250288,4.015219999999999,1.02864,99.0
9,10.198506510000001,4.29732,1.01639,69.0
10,9.05792014,4.414815,7.104544646464646,53.0
