,mean,median,mode,actual
1,9.899611840000002,6.232975,3.6218243434343433,1.0
