,mean,median,mode,actual
1,7.51695526,5.993085,5.158467676767677,1.0
