,mean,median,mode,actual
1,6.71895608,2.87373,5.252121212121213,73.0
