,mean,median,mode,actual
1,7.629670269999999,3.163105,1.05679,73.0
