,mean,median,mode,actual
1,9.392481899999998,5.2824,10.146393737373737,139.0
2,11.02196616,5.828425,1.04304,1.0
3,19.8109491,9.28761,1.03149,5.0
