,mean,median,mode,actual
1,11.102693440000001,8.14152,7.418216565656566,139.0
2,14.89503315,8.76153,1.02263,1.0
3,11.999966100000002,9.32499,8.486391313131314,5.0
