,mean,median,mode,actual
1,12.029804189999998,8.29115,9.50482101010101,139.0
2,11.33496561,8.50079,4.782903434343435,1.0
3,12.615438560000001,8.734615,14.344197171717171,5.0
