,mean,median,mode,actual
1,74.44315644,5.34312,1.01596,139.0
2,17.319798989999995,5.0954049999999995,1.06233,1.0
3,99.68716792999999,9.559474999999999,1.03822,5.0
