,mean,median,mode,actual
1,11.905457850000001,6.725,7.109321212121213,503.0
2,10.26669074,6.3633,4.909868383838384,5.0
3,10.51186297,6.529075000000001,5.864310606060606,5.0
4,11.26324349,6.761035,6.3392402020202026,2.0
