,mean,median,mode,actual
1,9.461009409999999,5.629805,6.367900707070707,503.0
2,10.90270884,6.515325000000001,4.288590707070707,5.0
3,16.418666440000003,8.86985,1.09271,5.0
4,11.99535654,6.847575,6.103217474747475,2.0
