,mean,median,mode,actual
1,20.93397198,6.3068550000000005,10.195345454545455,503.0
2,32.771411349999994,5.7404399999999995,1.00999,5.0
3,20.00988422,6.5451999999999995,1.10197,5.0
4,18.69688969,6.18762,1.15459,2.0
