,mean,median,mode,actual
1,13.98755192,7.08475,1.24965,503.0
2,12.95975156,7.625945,5.388050707070707,5.0
3,11.45072136,7.68675,6.151168484848485,5.0
4,11.30201714,6.094860000000001,1.14733,2.0
