,mean,median,mode,actual
1,9.941974130000002,7.131175,12.776060808080807,92.0
