,mean,median,mode,actual
1,8.94083492,7.074125,6.5209343434343445,92.0
