,mean,median,mode,actual
1,9.70635604,7.28523,6.3066157575757575,92.0
