,mean,median,mode,actual
1,10.52630233,7.043794999999999,6.727997474747475,92.0
