,mean,median,mode,actual
1,25.198910330000004,2.86513,1.02732,432.0
