,mean,median,mode,actual
1,9.46665861,2.847245,1.00639,432.0
