,mean,median,mode,actual
1,14.61569389,2.906405,1.01249,432.0
