,mean,median,mode,actual
1,24.27163804,2.73882,1.03122,432.0
