,mean,median,mode,actual
1,190.25124216000003,3.0746700000000002,1.0,458.0
2,13.620737080000001,2.82613,1.01379,57.0
3,13.083156910000001,3.581875,1.03446,147.0
4,816.8699924000003,3.101775,1.00141,344.0
5,230.00398018,3.14609,1.00009,566.0
6,15.09708149,3.190525,1.01386,312.0
7,13.06680351,2.894685,1.0056,11.0
8,143.18503234000002,3.29811,1.00047,56.0
9,15265.92601348,3.043345,1.0,100.0
10,42199.05645504999,3.2400849999999997,1.00004,300.0
