,mean,median,mode,actual
1,300.84836964,2.79244,1.0,458.0
2,5.40981022,2.71968,1.00541,57.0
3,12.41811898,4.659255,1.01017,147.0
4,27.629623040000006,3.5619199999999998,1.0,344.0
5,47.95795126,3.65761,1.00028,566.0
6,22.556490429999997,3.478505,1.00184,312.0
7,8.16481452,2.50617,1.01057,11.0
8,286.45758417,3.6533949999999997,1.00025,56.0
9,299.62900096000004,3.17943,1.00004,100.0
10,3949.70801671,3.16875,1.00001,300.0
