,mean,median,mode,actual
1,11.473992399999998,3.06685,1.00036,458.0
2,5.960340560000001,2.9976599999999998,4.074735353535353,57.0
3,43.48968676000001,4.074585,1.0151,147.0
4,12.39074715,3.43538,1.01591,344.0
5,9.53832488,3.31912,1.003,566.0
6,7.527742819999999,3.534415,7.092739797979798,312.0
7,15.3157601,2.6927250000000003,1.01239,11.0
8,211.11992758999995,3.707615,1.0016,56.0
9,8.365927769999999,3.2898199999999997,4.374056363636364,100.0
10,10.100450210000002,3.169225,1.00308,300.0
