,mean,median,mode,actual
1,6.883084639999999,4.702035,5.210943838383838,193.0
2,8.800062030000001,5.6664650000000005,7.946979191919192,171.0
3,7.23500905,4.895685,4.760707878787879,251.0
4,6.5600398,4.84662,4.0319916161616165,131.0
5,6.75898719,4.580175,7.916205454545454,3.0
