,mean,median,mode,actual
1,7.78572992,4.740444999999999,3.6101458585858586,193.0
2,9.57584244,5.94977,4.831355353535353,171.0
3,9.446165989999999,4.91317,9.412833131313132,251.0
4,7.31388342,4.895735,4.329113333333333,131.0
5,7.11018229,4.63172,5.556749696969697,3.0
