,mean,median,mode,actual
1,7.2185923899999995,5.025925,5.568320606060606,193.0
2,6.902786410000001,4.911004999999999,5.625737777777778,171.0
3,7.01547465,5.006444999999999,4.821764646464646,251.0
4,6.50739478,4.95224,4.504047171717172,131.0
5,7.15244408,4.902315,5.691614646464647,3.0
