,mean,median,mode,actual
1,7.415702250000001,5.09271,5.545000404040404,193.0
2,8.11636034,5.2317800000000005,4.928607878787879,171.0
3,7.814650739999999,4.763865,3.263512323232323,251.0
4,8.33939085,4.970455,8.040476161616162,131.0
5,7.32287169,5.2661,4.066841313131313,3.0
