,mean,median,mode,actual
1,5.75982034,3.7495849999999997,6.825996565656565,16.0
