,mean,median,mode,actual
1,6.01873906,3.43536,3.1936850505050507,16.0
