,mean,median,mode,actual
1,7.04724926,3.8284149999999997,3.1847175757575754,16.0
