,mean,median,mode,actual
1,5.19061679,3.2161549999999997,3.332271616161616,16.0
