,mean,median,mode,actual
1,4.03367973,2.6860150000000003,2.8939690909090907,2.0
2,4.017926999999999,2.6462250000000003,1.05922,133.0
3,3.4179562800000003,2.52783,1.8333484848484847,337.0
4,3.52197741,2.5968850000000003,2.010842424242424,1.0
5,3.9787449599999998,2.5787899999999997,2.146850707070707,2.0
