,mean,median,mode,actual
1,3.01157961,2.15616,1.8279424242424243,2.0
2,4.928587939999999,3.5866949999999997,2.3781252525252525,133.0
3,2.9061830300000002,2.008085,1.9689861616161615,337.0
4,3.9303967300000004,2.68335,2.229421414141414,1.0
5,5.22062458,3.6770500000000004,5.013282222222222,2.0
