,mean,median,mode,actual
1,3.44427458,2.19949,1.06022,2.0
2,6.00218239,3.931985,4.995027272727272,133.0
3,3.31350321,2.094985,2.0988137373737374,337.0
4,3.58960786,2.47099,2.491246868686869,1.0
5,6.385191070000001,4.092905,4.526802626262627,2.0
