,mean,median,mode,actual
1,3.62501951,2.47497,2.138803838383838,2.0
2,4.124376669999999,2.835605,2.331490808080808,133.0
3,3.7311064,2.646925,1.8526618181818182,337.0
4,3.9357869599999997,2.48311,2.6189957575757576,1.0
5,4.06256111,2.665995,2.156079797979798,2.0
