,mean,median,mode,actual
1,7.234377339999999,3.567095,3.5178074747474746,645.0
