,mean,median,mode,actual
1,6.502173560000001,3.493585,4.829760404040404,645.0
