,mean,median,mode,actual
1,152334606.22610947,3.4435200000000004,1.0,645.0
