,mean,median,mode,actual
1,10681323.46138826,3.476985,1.0,645.0
