,mean,median,mode,actual
1,11.79051372,7.275785,7.385135555555555,51.0
2,8.15728262,5.041515,4.373241111111112,95.0
3,9.954721390000001,6.38692,5.206178181818181,63.0
