,mean,median,mode,actual
1,14.64063974,6.504989999999999,10.428096363636364,51.0
2,11.334463309999999,5.15519,1.02155,95.0
3,11.1066652,6.27334,4.243053737373737,63.0
