,mean,median,mode,actual
1,11.380578600000002,5.536720000000001,5.006984444444444,51.0
2,56.128600639999995,5.940045,1.01636,95.0
3,13.79442656,5.904925,1.05739,63.0
