,mean,median,mode,actual
1,11.445154709999999,6.0624400000000005,10.983445858585858,51.0
2,8.715473040000001,5.92543,3.840350909090909,95.0
3,9.149463319999999,6.09692,3.873367474747475,63.0
